Model_ID,Category_Title,Brand_Title,Device_Title,Model_Title,Model_Image,Connectivity_Title,Storage_Title,Offer_New,Offer_Mint,Offer_Good,Offer_Fair,Offer_Broken,Offer_Damaged,Meta_Title,Meta_Description,Meta_Keywords
171,Tablet,Sell Apple,Sell iPad,Sell My iPad Pro 9.7-Inch,20191114124310.png,Wi-Fi Cellular,16GB,,,,,,,Sell My iPad Pro 9.7-Inch,Sell My iPad Pro 9.7-Inch,Sell My iPad Pro 9.7-Inch
171,Tablet,Sell Apple,Sell iPad,Sell My iPad Pro 9.7-Inch,20191114124310.png,Wi-Fi Cellular,32GB,18,,,,,,Sell My iPad Pro 9.7-Inch,Sell My iPad Pro 9.7-Inch,Sell My iPad Pro 9.7-Inch
171,Tablet,Sell Apple,Sell iPad,Sell My iPad Pro 9.7-Inch,20191114124310.png,Wi-Fi Cellular,64GB,,,,,,,Sell My iPad Pro 9.7-Inch,Sell My iPad Pro 9.7-Inch,Sell My iPad Pro 9.7-Inch
171,Tablet,Sell Apple,Sell iPad,Sell My iPad Pro 9.7-Inch,20191114124310.png,Wi-Fi Cellular,128GB,,,,,,,Sell My iPad Pro 9.7-Inch,Sell My iPad Pro 9.7-Inch,Sell My iPad Pro 9.7-Inch
171,Tablet,Sell Apple,Sell iPad,Sell My iPad Pro 9.7-Inch,20191114124310.png,Wi-Fi Cellular,256GB,,13,,,,,Sell My iPad Pro 9.7-Inch,Sell My iPad Pro 9.7-Inch,Sell My iPad Pro 9.7-Inch
171,Tablet,Sell Apple,Sell iPad,Sell My iPad Pro 9.7-Inch,20191114124310.png,Wi-Fi Cellular,512GB,,,,,,,Sell My iPad Pro 9.7-Inch,Sell My iPad Pro 9.7-Inch,Sell My iPad Pro 9.7-Inch
171,Tablet,Sell Apple,Sell iPad,Sell My iPad Pro 9.7-Inch,20191114124310.png,Wi-Fi Only,16GB,,,,,,,Sell My iPad Pro 9.7-Inch,Sell My iPad Pro 9.7-Inch,Sell My iPad Pro 9.7-Inch
171,Tablet,Sell Apple,Sell iPad,Sell My iPad Pro 9.7-Inch,20191114124310.png,Wi-Fi Only,32GB,,,25,,,,Sell My iPad Pro 9.7-Inch,Sell My iPad Pro 9.7-Inch,Sell My iPad Pro 9.7-Inch
171,Tablet,Sell Apple,Sell iPad,Sell My iPad Pro 9.7-Inch,20191114124310.png,Wi-Fi Only,64GB,,,,,36,,Sell My iPad Pro 9.7-Inch,Sell My iPad Pro 9.7-Inch,Sell My iPad Pro 9.7-Inch
171,Tablet,Sell Apple,Sell iPad,Sell My iPad Pro 9.7-Inch,20191114124310.png,Wi-Fi Only,128GB,,,,,,,Sell My iPad Pro 9.7-Inch,Sell My iPad Pro 9.7-Inch,Sell My iPad Pro 9.7-Inch
171,Tablet,Sell Apple,Sell iPad,Sell My iPad Pro 9.7-Inch,20191114124310.png,Wi-Fi Only,256GB,,,,,,,Sell My iPad Pro 9.7-Inch,Sell My iPad Pro 9.7-Inch,Sell My iPad Pro 9.7-Inch
171,Tablet,Sell Apple,Sell iPad,Sell My iPad Pro 9.7-Inch,20191114124310.png,Wi-Fi Only,512GB,,,,,,,Sell My iPad Pro 9.7-Inch,Sell My iPad Pro 9.7-Inch,Sell My iPad Pro 9.7-Inch
171,Tablet,Sell Apple,Sell iPad,Sell My iPad Pro 9.7-Inch,20191114124310.png,Wi-Fi Only,512GB,,,,,,,Sell My iPad Pro 9.7-Inch,Sell My iPad Pro 9.7-Inch,Sell My iPad Pro 9.7-Inch
177,Tablet,Sell Apple,Sell iPad,Sell My iPad (6th Gen),20191114124319.png,Wi-Fi Cellular,16GB,,,,,,,Sell My iPad (6th Gen),Sell My iPad (6th Gen),Sell My iPad (6th Gen)
177,Tablet,Sell Apple,Sell iPad,Sell My iPad (6th Gen),20191114124319.png,Wi-Fi Cellular,32GB,,,,,,,Sell My iPad (6th Gen),Sell My iPad (6th Gen),Sell My iPad (6th Gen)
177,Tablet,Sell Apple,Sell iPad,Sell My iPad (6th Gen),20191114124319.png,Wi-Fi Cellular,64GB,,,,,,,Sell My iPad (6th Gen),Sell My iPad (6th Gen),Sell My iPad (6th Gen)
177,Tablet,Sell Apple,Sell iPad,Sell My iPad (6th Gen),20191114124319.png,Wi-Fi Cellular,128GB,,,,,,,Sell My iPad (6th Gen),Sell My iPad (6th Gen),Sell My iPad (6th Gen)
177,Tablet,Sell Apple,Sell iPad,Sell My iPad (6th Gen),20191114124319.png,Wi-Fi Cellular,256GB,,,,,,,Sell My iPad (6th Gen),Sell My iPad (6th Gen),Sell My iPad (6th Gen)
177,Tablet,Sell Apple,Sell iPad,Sell My iPad (6th Gen),20191114124319.png,Wi-Fi Cellular,512GB,,,,,,,Sell My iPad (6th Gen),Sell My iPad (6th Gen),Sell My iPad (6th Gen)
177,Tablet,Sell Apple,Sell iPad,Sell My iPad (6th Gen),20191114124319.png,Wi-Fi Only,16GB,,,,,,,Sell My iPad (6th Gen),Sell My iPad (6th Gen),Sell My iPad (6th Gen)
177,Tablet,Sell Apple,Sell iPad,Sell My iPad (6th Gen),20191114124319.png,Wi-Fi Only,32GB,,,,,,,Sell My iPad (6th Gen),Sell My iPad (6th Gen),Sell My iPad (6th Gen)
177,Tablet,Sell Apple,Sell iPad,Sell My iPad (6th Gen),20191114124319.png,Wi-Fi Only,64GB,,,,,,,Sell My iPad (6th Gen),Sell My iPad (6th Gen),Sell My iPad (6th Gen)
177,Tablet,Sell Apple,Sell iPad,Sell My iPad (6th Gen),20191114124319.png,Wi-Fi Only,128GB,,,,,,,Sell My iPad (6th Gen),Sell My iPad (6th Gen),Sell My iPad (6th Gen)
177,Tablet,Sell Apple,Sell iPad,Sell My iPad (6th Gen),20191114124319.png,Wi-Fi Only,256GB,,,,,,,Sell My iPad (6th Gen),Sell My iPad (6th Gen),Sell My iPad (6th Gen)
177,Tablet,Sell Apple,Sell iPad,Sell My iPad (6th Gen),20191114124319.png,Wi-Fi Only,512GB,,,,,,,Sell My iPad (6th Gen),Sell My iPad (6th Gen),Sell My iPad (6th Gen)
177,Tablet,Sell Apple,Sell iPad,Sell My iPad (6th Gen),20191114124319.png,Wi-Fi Only,512GB,,,,,,,Sell My iPad (6th Gen),Sell My iPad (6th Gen),Sell My iPad (6th Gen)
182,Tablet,Sell Apple,Sell iPad,Sell My iPad (5th Gen),20191114124325.png,Wi-Fi Cellular,16GB,,,,,,,Sell My iPad (5th Gen),Sell My iPad (5th Gen),Sell My iPad (5th Gen)
182,Tablet,Sell Apple,Sell iPad,Sell My iPad (5th Gen),20191114124325.png,Wi-Fi Cellular,32GB,,,,,,,Sell My iPad (5th Gen),Sell My iPad (5th Gen),Sell My iPad (5th Gen)
182,Tablet,Sell Apple,Sell iPad,Sell My iPad (5th Gen),20191114124325.png,Wi-Fi Cellular,64GB,,,,,,,Sell My iPad (5th Gen),Sell My iPad (5th Gen),Sell My iPad (5th Gen)
182,Tablet,Sell Apple,Sell iPad,Sell My iPad (5th Gen),20191114124325.png,Wi-Fi Cellular,128GB,,,,,,,Sell My iPad (5th Gen),Sell My iPad (5th Gen),Sell My iPad (5th Gen)
182,Tablet,Sell Apple,Sell iPad,Sell My iPad (5th Gen),20191114124325.png,Wi-Fi Cellular,256GB,,,,,,,Sell My iPad (5th Gen),Sell My iPad (5th Gen),Sell My iPad (5th Gen)
182,Tablet,Sell Apple,Sell iPad,Sell My iPad (5th Gen),20191114124325.png,Wi-Fi Cellular,512GB,,,,,,,Sell My iPad (5th Gen),Sell My iPad (5th Gen),Sell My iPad (5th Gen)
182,Tablet,Sell Apple,Sell iPad,Sell My iPad (5th Gen),20191114124325.png,Wi-Fi Only,16GB,,,,,,,Sell My iPad (5th Gen),Sell My iPad (5th Gen),Sell My iPad (5th Gen)
182,Tablet,Sell Apple,Sell iPad,Sell My iPad (5th Gen),20191114124325.png,Wi-Fi Only,32GB,,,,,,,Sell My iPad (5th Gen),Sell My iPad (5th Gen),Sell My iPad (5th Gen)
182,Tablet,Sell Apple,Sell iPad,Sell My iPad (5th Gen),20191114124325.png,Wi-Fi Only,64GB,,,,,,,Sell My iPad (5th Gen),Sell My iPad (5th Gen),Sell My iPad (5th Gen)
182,Tablet,Sell Apple,Sell iPad,Sell My iPad (5th Gen),20191114124325.png,Wi-Fi Only,128GB,,,,,,,Sell My iPad (5th Gen),Sell My iPad (5th Gen),Sell My iPad (5th Gen)
182,Tablet,Sell Apple,Sell iPad,Sell My iPad (5th Gen),20191114124325.png,Wi-Fi Only,256GB,,,,,,,Sell My iPad (5th Gen),Sell My iPad (5th Gen),Sell My iPad (5th Gen)
182,Tablet,Sell Apple,Sell iPad,Sell My iPad (5th Gen),20191114124325.png,Wi-Fi Only,512GB,,,,,,,Sell My iPad (5th Gen),Sell My iPad (5th Gen),Sell My iPad (5th Gen)
182,Tablet,Sell Apple,Sell iPad,Sell My iPad (5th Gen),20191114124325.png,Wi-Fi Only,512GB,,,,,,,Sell My iPad (5th Gen),Sell My iPad (5th Gen),Sell My iPad (5th Gen)
186,Tablet,Sell Apple,Sell iPad,Sell My iPad Air 2,20191114124331.png,Wi-Fi Cellular,16GB,,,,,,,Sell My iPad Air 2,Sell My iPad Air 2,Sell My iPad Air 2
186,Tablet,Sell Apple,Sell iPad,Sell My iPad Air 2,20191114124331.png,Wi-Fi Cellular,32GB,,,,,,,Sell My iPad Air 2,Sell My iPad Air 2,Sell My iPad Air 2
186,Tablet,Sell Apple,Sell iPad,Sell My iPad Air 2,20191114124331.png,Wi-Fi Cellular,64GB,,,,,,,Sell My iPad Air 2,Sell My iPad Air 2,Sell My iPad Air 2
186,Tablet,Sell Apple,Sell iPad,Sell My iPad Air 2,20191114124331.png,Wi-Fi Cellular,128GB,,,,,,,Sell My iPad Air 2,Sell My iPad Air 2,Sell My iPad Air 2
186,Tablet,Sell Apple,Sell iPad,Sell My iPad Air 2,20191114124331.png,Wi-Fi Cellular,256GB,,,,,,,Sell My iPad Air 2,Sell My iPad Air 2,Sell My iPad Air 2
186,Tablet,Sell Apple,Sell iPad,Sell My iPad Air 2,20191114124331.png,Wi-Fi Cellular,512GB,,,,,,,Sell My iPad Air 2,Sell My iPad Air 2,Sell My iPad Air 2
186,Tablet,Sell Apple,Sell iPad,Sell My iPad Air 2,20191114124331.png,Wi-Fi Only,16GB,,,,,,,Sell My iPad Air 2,Sell My iPad Air 2,Sell My iPad Air 2
186,Tablet,Sell Apple,Sell iPad,Sell My iPad Air 2,20191114124331.png,Wi-Fi Only,32GB,,,,,,,Sell My iPad Air 2,Sell My iPad Air 2,Sell My iPad Air 2
186,Tablet,Sell Apple,Sell iPad,Sell My iPad Air 2,20191114124331.png,Wi-Fi Only,64GB,,,,,,,Sell My iPad Air 2,Sell My iPad Air 2,Sell My iPad Air 2
186,Tablet,Sell Apple,Sell iPad,Sell My iPad Air 2,20191114124331.png,Wi-Fi Only,128GB,,,,,,,Sell My iPad Air 2,Sell My iPad Air 2,Sell My iPad Air 2
186,Tablet,Sell Apple,Sell iPad,Sell My iPad Air 2,20191114124331.png,Wi-Fi Only,256GB,,,,,,,Sell My iPad Air 2,Sell My iPad Air 2,Sell My iPad Air 2
186,Tablet,Sell Apple,Sell iPad,Sell My iPad Air 2,20191114124331.png,Wi-Fi Only,512GB,,,,,,,Sell My iPad Air 2,Sell My iPad Air 2,Sell My iPad Air 2
186,Tablet,Sell Apple,Sell iPad,Sell My iPad Air 2,20191114124331.png,Wi-Fi Only,512GB,,,,,,,Sell My iPad Air 2,Sell My iPad Air 2,Sell My iPad Air 2
190,Tablet,Sell Apple,Sell iPad,Sell My iPad Air,20191114124338.png,Wi-Fi Cellular,16GB,,,,,,,Sell My iPad Air,Sell My iPad Air,Sell My iPad Air
190,Tablet,Sell Apple,Sell iPad,Sell My iPad Air,20191114124338.png,Wi-Fi Cellular,32GB,,,,,,,Sell My iPad Air,Sell My iPad Air,Sell My iPad Air
190,Tablet,Sell Apple,Sell iPad,Sell My iPad Air,20191114124338.png,Wi-Fi Cellular,64GB,,,,,,,Sell My iPad Air,Sell My iPad Air,Sell My iPad Air
190,Tablet,Sell Apple,Sell iPad,Sell My iPad Air,20191114124338.png,Wi-Fi Cellular,128GB,,,,,,,Sell My iPad Air,Sell My iPad Air,Sell My iPad Air
190,Tablet,Sell Apple,Sell iPad,Sell My iPad Air,20191114124338.png,Wi-Fi Cellular,256GB,,,,,,,Sell My iPad Air,Sell My iPad Air,Sell My iPad Air
190,Tablet,Sell Apple,Sell iPad,Sell My iPad Air,20191114124338.png,Wi-Fi Cellular,512GB,,,,,,,Sell My iPad Air,Sell My iPad Air,Sell My iPad Air
190,Tablet,Sell Apple,Sell iPad,Sell My iPad Air,20191114124338.png,Wi-Fi Only,16GB,,,,,,,Sell My iPad Air,Sell My iPad Air,Sell My iPad Air
190,Tablet,Sell Apple,Sell iPad,Sell My iPad Air,20191114124338.png,Wi-Fi Only,32GB,,,,,,,Sell My iPad Air,Sell My iPad Air,Sell My iPad Air
190,Tablet,Sell Apple,Sell iPad,Sell My iPad Air,20191114124338.png,Wi-Fi Only,64GB,,,,,,,Sell My iPad Air,Sell My iPad Air,Sell My iPad Air
190,Tablet,Sell Apple,Sell iPad,Sell My iPad Air,20191114124338.png,Wi-Fi Only,128GB,,,,,,,Sell My iPad Air,Sell My iPad Air,Sell My iPad Air
190,Tablet,Sell Apple,Sell iPad,Sell My iPad Air,20191114124338.png,Wi-Fi Only,256GB,,,,,,,Sell My iPad Air,Sell My iPad Air,Sell My iPad Air
190,Tablet,Sell Apple,Sell iPad,Sell My iPad Air,20191114124338.png,Wi-Fi Only,512GB,,,,,,,Sell My iPad Air,Sell My iPad Air,Sell My iPad Air
190,Tablet,Sell Apple,Sell iPad,Sell My iPad Air,20191114124338.png,Wi-Fi Only,512GB,,,,,,,Sell My iPad Air,Sell My iPad Air,Sell My iPad Air
193,Tablet,Sell Apple,Sell iPad,Sell My iPad Mini 4,20191114124343.png,Wi-Fi Cellular,16GB,,,,,,,Sell My iPad Mini 4,Sell My iPad Mini 4,Sell My iPad Mini 4
193,Tablet,Sell Apple,Sell iPad,Sell My iPad Mini 4,20191114124343.png,Wi-Fi Cellular,32GB,,,,,,,Sell My iPad Mini 4,Sell My iPad Mini 4,Sell My iPad Mini 4
193,Tablet,Sell Apple,Sell iPad,Sell My iPad Mini 4,20191114124343.png,Wi-Fi Cellular,64GB,,,,,,,Sell My iPad Mini 4,Sell My iPad Mini 4,Sell My iPad Mini 4
193,Tablet,Sell Apple,Sell iPad,Sell My iPad Mini 4,20191114124343.png,Wi-Fi Cellular,128GB,,,,,,,Sell My iPad Mini 4,Sell My iPad Mini 4,Sell My iPad Mini 4
193,Tablet,Sell Apple,Sell iPad,Sell My iPad Mini 4,20191114124343.png,Wi-Fi Cellular,256GB,,,,,,,Sell My iPad Mini 4,Sell My iPad Mini 4,Sell My iPad Mini 4
193,Tablet,Sell Apple,Sell iPad,Sell My iPad Mini 4,20191114124343.png,Wi-Fi Cellular,512GB,,,,,,,Sell My iPad Mini 4,Sell My iPad Mini 4,Sell My iPad Mini 4
193,Tablet,Sell Apple,Sell iPad,Sell My iPad Mini 4,20191114124343.png,Wi-Fi Only,16GB,,,,,,,Sell My iPad Mini 4,Sell My iPad Mini 4,Sell My iPad Mini 4
193,Tablet,Sell Apple,Sell iPad,Sell My iPad Mini 4,20191114124343.png,Wi-Fi Only,32GB,,,,,,,Sell My iPad Mini 4,Sell My iPad Mini 4,Sell My iPad Mini 4
193,Tablet,Sell Apple,Sell iPad,Sell My iPad Mini 4,20191114124343.png,Wi-Fi Only,64GB,,,,,,,Sell My iPad Mini 4,Sell My iPad Mini 4,Sell My iPad Mini 4
193,Tablet,Sell Apple,Sell iPad,Sell My iPad Mini 4,20191114124343.png,Wi-Fi Only,128GB,,,,,,,Sell My iPad Mini 4,Sell My iPad Mini 4,Sell My iPad Mini 4
193,Tablet,Sell Apple,Sell iPad,Sell My iPad Mini 4,20191114124343.png,Wi-Fi Only,256GB,,,,,,,Sell My iPad Mini 4,Sell My iPad Mini 4,Sell My iPad Mini 4
193,Tablet,Sell Apple,Sell iPad,Sell My iPad Mini 4,20191114124343.png,Wi-Fi Only,512GB,,,,,,,Sell My iPad Mini 4,Sell My iPad Mini 4,Sell My iPad Mini 4
193,Tablet,Sell Apple,Sell iPad,Sell My iPad Mini 4,20191114124343.png,Wi-Fi Only,512GB,,,,,,,Sell My iPad Mini 4,Sell My iPad Mini 4,Sell My iPad Mini 4
196,Tablet,Sell Apple,Sell iPad,Sell My iPad Mini 3,20191114124353.png,Wi-Fi Cellular,16GB,,,,,,,Sell My iPad Mini 3,Sell My iPad Mini 3,Sell My iPad Mini 3
196,Tablet,Sell Apple,Sell iPad,Sell My iPad Mini 3,20191114124353.png,Wi-Fi Cellular,32GB,,,,,,,Sell My iPad Mini 3,Sell My iPad Mini 3,Sell My iPad Mini 3
196,Tablet,Sell Apple,Sell iPad,Sell My iPad Mini 3,20191114124353.png,Wi-Fi Cellular,64GB,,,,,,,Sell My iPad Mini 3,Sell My iPad Mini 3,Sell My iPad Mini 3
196,Tablet,Sell Apple,Sell iPad,Sell My iPad Mini 3,20191114124353.png,Wi-Fi Cellular,128GB,,,,,,,Sell My iPad Mini 3,Sell My iPad Mini 3,Sell My iPad Mini 3
196,Tablet,Sell Apple,Sell iPad,Sell My iPad Mini 3,20191114124353.png,Wi-Fi Cellular,256GB,,,,,,,Sell My iPad Mini 3,Sell My iPad Mini 3,Sell My iPad Mini 3
196,Tablet,Sell Apple,Sell iPad,Sell My iPad Mini 3,20191114124353.png,Wi-Fi Cellular,512GB,,,,,,,Sell My iPad Mini 3,Sell My iPad Mini 3,Sell My iPad Mini 3
196,Tablet,Sell Apple,Sell iPad,Sell My iPad Mini 3,20191114124353.png,Wi-Fi Only,16GB,,,,,,,Sell My iPad Mini 3,Sell My iPad Mini 3,Sell My iPad Mini 3
196,Tablet,Sell Apple,Sell iPad,Sell My iPad Mini 3,20191114124353.png,Wi-Fi Only,32GB,,,,,,,Sell My iPad Mini 3,Sell My iPad Mini 3,Sell My iPad Mini 3
196,Tablet,Sell Apple,Sell iPad,Sell My iPad Mini 3,20191114124353.png,Wi-Fi Only,64GB,,,,,,,Sell My iPad Mini 3,Sell My iPad Mini 3,Sell My iPad Mini 3
196,Tablet,Sell Apple,Sell iPad,Sell My iPad Mini 3,20191114124353.png,Wi-Fi Only,128GB,,,,,,,Sell My iPad Mini 3,Sell My iPad Mini 3,Sell My iPad Mini 3
196,Tablet,Sell Apple,Sell iPad,Sell My iPad Mini 3,20191114124353.png,Wi-Fi Only,256GB,,,,,,,Sell My iPad Mini 3,Sell My iPad Mini 3,Sell My iPad Mini 3
196,Tablet,Sell Apple,Sell iPad,Sell My iPad Mini 3,20191114124353.png,Wi-Fi Only,512GB,,,,,,,Sell My iPad Mini 3,Sell My iPad Mini 3,Sell My iPad Mini 3
196,Tablet,Sell Apple,Sell iPad,Sell My iPad Mini 3,20191114124353.png,Wi-Fi Only,512GB,,,,,,,Sell My iPad Mini 3,Sell My iPad Mini 3,Sell My iPad Mini 3
200,Tablet,Sell Apple,Sell iPad,Sell My iPad Mini 2,20191114124402.png,Wi-Fi Cellular,16GB,,,,,,,Sell My iPad Mini 2,Sell My iPad Mini 2,Sell My iPad Mini 2
200,Tablet,Sell Apple,Sell iPad,Sell My iPad Mini 2,20191114124402.png,Wi-Fi Cellular,32GB,,,,,,,Sell My iPad Mini 2,Sell My iPad Mini 2,Sell My iPad Mini 2
200,Tablet,Sell Apple,Sell iPad,Sell My iPad Mini 2,20191114124402.png,Wi-Fi Cellular,64GB,,,,,,,Sell My iPad Mini 2,Sell My iPad Mini 2,Sell My iPad Mini 2
200,Tablet,Sell Apple,Sell iPad,Sell My iPad Mini 2,20191114124402.png,Wi-Fi Cellular,128GB,,,,,,,Sell My iPad Mini 2,Sell My iPad Mini 2,Sell My iPad Mini 2
200,Tablet,Sell Apple,Sell iPad,Sell My iPad Mini 2,20191114124402.png,Wi-Fi Cellular,256GB,,,,,,,Sell My iPad Mini 2,Sell My iPad Mini 2,Sell My iPad Mini 2
200,Tablet,Sell Apple,Sell iPad,Sell My iPad Mini 2,20191114124402.png,Wi-Fi Cellular,512GB,,,,,,,Sell My iPad Mini 2,Sell My iPad Mini 2,Sell My iPad Mini 2
200,Tablet,Sell Apple,Sell iPad,Sell My iPad Mini 2,20191114124402.png,Wi-Fi Only,16GB,,,,,,,Sell My iPad Mini 2,Sell My iPad Mini 2,Sell My iPad Mini 2
200,Tablet,Sell Apple,Sell iPad,Sell My iPad Mini 2,20191114124402.png,Wi-Fi Only,32GB,,,,,,,Sell My iPad Mini 2,Sell My iPad Mini 2,Sell My iPad Mini 2
200,Tablet,Sell Apple,Sell iPad,Sell My iPad Mini 2,20191114124402.png,Wi-Fi Only,64GB,,,,,,,Sell My iPad Mini 2,Sell My iPad Mini 2,Sell My iPad Mini 2
200,Tablet,Sell Apple,Sell iPad,Sell My iPad Mini 2,20191114124402.png,Wi-Fi Only,128GB,,,,,,,Sell My iPad Mini 2,Sell My iPad Mini 2,Sell My iPad Mini 2
200,Tablet,Sell Apple,Sell iPad,Sell My iPad Mini 2,20191114124402.png,Wi-Fi Only,256GB,,,,,,,Sell My iPad Mini 2,Sell My iPad Mini 2,Sell My iPad Mini 2
200,Tablet,Sell Apple,Sell iPad,Sell My iPad Mini 2,20191114124402.png,Wi-Fi Only,512GB,,,,,,,Sell My iPad Mini 2,Sell My iPad Mini 2,Sell My iPad Mini 2
200,Tablet,Sell Apple,Sell iPad,Sell My iPad Mini 2,20191114124402.png,Wi-Fi Only,512GB,,,,,,,Sell My iPad Mini 2,Sell My iPad Mini 2,Sell My iPad Mini 2
202,Tablet,Sell Apple,Sell iPad,Sell My iPad Mini,20191114124417.png,Wi-Fi Cellular,16GB,,,,,,,Sell My iPad Mini,Sell My iPad Mini,Sell My iPad Mini
202,Tablet,Sell Apple,Sell iPad,Sell My iPad Mini,20191114124417.png,Wi-Fi Cellular,32GB,,,,,,,Sell My iPad Mini,Sell My iPad Mini,Sell My iPad Mini
202,Tablet,Sell Apple,Sell iPad,Sell My iPad Mini,20191114124417.png,Wi-Fi Cellular,64GB,,,,,,,Sell My iPad Mini,Sell My iPad Mini,Sell My iPad Mini
202,Tablet,Sell Apple,Sell iPad,Sell My iPad Mini,20191114124417.png,Wi-Fi Cellular,128GB,,,,,,,Sell My iPad Mini,Sell My iPad Mini,Sell My iPad Mini
202,Tablet,Sell Apple,Sell iPad,Sell My iPad Mini,20191114124417.png,Wi-Fi Cellular,256GB,,,,,,,Sell My iPad Mini,Sell My iPad Mini,Sell My iPad Mini
202,Tablet,Sell Apple,Sell iPad,Sell My iPad Mini,20191114124417.png,Wi-Fi Cellular,512GB,,,,,,,Sell My iPad Mini,Sell My iPad Mini,Sell My iPad Mini
202,Tablet,Sell Apple,Sell iPad,Sell My iPad Mini,20191114124417.png,Wi-Fi Only,16GB,,,,,,,Sell My iPad Mini,Sell My iPad Mini,Sell My iPad Mini
202,Tablet,Sell Apple,Sell iPad,Sell My iPad Mini,20191114124417.png,Wi-Fi Only,32GB,,,,,,,Sell My iPad Mini,Sell My iPad Mini,Sell My iPad Mini
202,Tablet,Sell Apple,Sell iPad,Sell My iPad Mini,20191114124417.png,Wi-Fi Only,64GB,,,,,,,Sell My iPad Mini,Sell My iPad Mini,Sell My iPad Mini
202,Tablet,Sell Apple,Sell iPad,Sell My iPad Mini,20191114124417.png,Wi-Fi Only,128GB,,,,,,,Sell My iPad Mini,Sell My iPad Mini,Sell My iPad Mini
202,Tablet,Sell Apple,Sell iPad,Sell My iPad Mini,20191114124417.png,Wi-Fi Only,256GB,,,,,,,Sell My iPad Mini,Sell My iPad Mini,Sell My iPad Mini
202,Tablet,Sell Apple,Sell iPad,Sell My iPad Mini,20191114124417.png,Wi-Fi Only,512GB,,,,,,,Sell My iPad Mini,Sell My iPad Mini,Sell My iPad Mini
202,Tablet,Sell Apple,Sell iPad,Sell My iPad Mini,20191114124417.png,Wi-Fi Only,512GB,,,,,,,Sell My iPad Mini,Sell My iPad Mini,Sell My iPad Mini
204,Tablet,Sell Apple,Sell iPad,Sell My iPad (4th Gen),20191114124424.png,Wi-Fi Cellular,16GB,,,,,,,Sell My iPad (4th Gen),Sell My iPad (4th Gen),Sell My iPad (4th Gen)
204,Tablet,Sell Apple,Sell iPad,Sell My iPad (4th Gen),20191114124424.png,Wi-Fi Cellular,32GB,,,,,,,Sell My iPad (4th Gen),Sell My iPad (4th Gen),Sell My iPad (4th Gen)
204,Tablet,Sell Apple,Sell iPad,Sell My iPad (4th Gen),20191114124424.png,Wi-Fi Cellular,64GB,,,,,,,Sell My iPad (4th Gen),Sell My iPad (4th Gen),Sell My iPad (4th Gen)
204,Tablet,Sell Apple,Sell iPad,Sell My iPad (4th Gen),20191114124424.png,Wi-Fi Cellular,128GB,,,,,,,Sell My iPad (4th Gen),Sell My iPad (4th Gen),Sell My iPad (4th Gen)
204,Tablet,Sell Apple,Sell iPad,Sell My iPad (4th Gen),20191114124424.png,Wi-Fi Cellular,256GB,,,,,,,Sell My iPad (4th Gen),Sell My iPad (4th Gen),Sell My iPad (4th Gen)
204,Tablet,Sell Apple,Sell iPad,Sell My iPad (4th Gen),20191114124424.png,Wi-Fi Cellular,512GB,,,,,,,Sell My iPad (4th Gen),Sell My iPad (4th Gen),Sell My iPad (4th Gen)
204,Tablet,Sell Apple,Sell iPad,Sell My iPad (4th Gen),20191114124424.png,Wi-Fi Only,16GB,,,,,,,Sell My iPad (4th Gen),Sell My iPad (4th Gen),Sell My iPad (4th Gen)
204,Tablet,Sell Apple,Sell iPad,Sell My iPad (4th Gen),20191114124424.png,Wi-Fi Only,32GB,,,,,,,Sell My iPad (4th Gen),Sell My iPad (4th Gen),Sell My iPad (4th Gen)
204,Tablet,Sell Apple,Sell iPad,Sell My iPad (4th Gen),20191114124424.png,Wi-Fi Only,64GB,,,,,,,Sell My iPad (4th Gen),Sell My iPad (4th Gen),Sell My iPad (4th Gen)
204,Tablet,Sell Apple,Sell iPad,Sell My iPad (4th Gen),20191114124424.png,Wi-Fi Only,128GB,,,,,,,Sell My iPad (4th Gen),Sell My iPad (4th Gen),Sell My iPad (4th Gen)
204,Tablet,Sell Apple,Sell iPad,Sell My iPad (4th Gen),20191114124424.png,Wi-Fi Only,256GB,,,,,,,Sell My iPad (4th Gen),Sell My iPad (4th Gen),Sell My iPad (4th Gen)
204,Tablet,Sell Apple,Sell iPad,Sell My iPad (4th Gen),20191114124424.png,Wi-Fi Only,512GB,,,,,,,Sell My iPad (4th Gen),Sell My iPad (4th Gen),Sell My iPad (4th Gen)
204,Tablet,Sell Apple,Sell iPad,Sell My iPad (4th Gen),20191114124424.png,Wi-Fi Only,512GB,,,,,,,Sell My iPad (4th Gen),Sell My iPad (4th Gen),Sell My iPad (4th Gen)
