Model_ID,Category_Title,Brand_Title,Device_Title,Model_Title,Model_Image,Connectivity_Title,Case_Size,Model,Offer_New,Offer_Mint,Offer_Good,Offer_Fair,Offer_Broken,Offer_Damaged,Meta_Title,Meta_Description,Meta_Keywords
165,watch,Sell Apple,Sell Apple Watch,Sell My Apple Watch (Series 4),20191114104111.png,Wi-Fi Cellular,40mm,J5,1,2,3,4,5,6,Sell My Apple Watch (Series 4),Sell My Apple Watch (Series 4),Sell My Apple Watch (Series 4)
165,watch,Sell Apple,Sell Apple Watch,Sell My Apple Watch (Series 4),20191114104111.png,Wi-Fi Cellular,40mm,J7,11,22,33,44,,,Sell My Apple Watch (Series 4),Sell My Apple Watch (Series 4),Sell My Apple Watch (Series 4)
165,watch,Sell Apple,Sell Apple Watch,Sell My Apple Watch (Series 4),20191114104111.png,Wi-Fi Cellular,40mm,J9,,,,11,,,Sell My Apple Watch (Series 4),Sell My Apple Watch (Series 4),Sell My Apple Watch (Series 4)
165,watch,Sell Apple,Sell Apple Watch,Sell My Apple Watch (Series 4),20191114104111.png,Wi-Fi Cellular,44mm,J5,,,,,,,Sell My Apple Watch (Series 4),Sell My Apple Watch (Series 4),Sell My Apple Watch (Series 4)
165,watch,Sell Apple,Sell Apple Watch,Sell My Apple Watch (Series 4),20191114104111.png,Wi-Fi Cellular,44mm,J7,,,,,,,Sell My Apple Watch (Series 4),Sell My Apple Watch (Series 4),Sell My Apple Watch (Series 4)
165,watch,Sell Apple,Sell Apple Watch,Sell My Apple Watch (Series 4),20191114104111.png,Wi-Fi Cellular,44mm,J9,,,,,,,Sell My Apple Watch (Series 4),Sell My Apple Watch (Series 4),Sell My Apple Watch (Series 4)
165,watch,Sell Apple,Sell Apple Watch,Sell My Apple Watch (Series 4),20191114104111.png,Wi-Fi Cellular,66mm,J5,,,,25,,,Sell My Apple Watch (Series 4),Sell My Apple Watch (Series 4),Sell My Apple Watch (Series 4)
165,watch,Sell Apple,Sell Apple Watch,Sell My Apple Watch (Series 4),20191114104111.png,Wi-Fi Cellular,66mm,J7,,,,,,,Sell My Apple Watch (Series 4),Sell My Apple Watch (Series 4),Sell My Apple Watch (Series 4)
165,watch,Sell Apple,Sell Apple Watch,Sell My Apple Watch (Series 4),20191114104111.png,Wi-Fi Cellular,66mm,J9,,,,,,,Sell My Apple Watch (Series 4),Sell My Apple Watch (Series 4),Sell My Apple Watch (Series 4)
165,watch,Sell Apple,Sell Apple Watch,Sell My Apple Watch (Series 4),20191114104111.png,Wi-Fi Only,40mm,J5,,,,,,,Sell My Apple Watch (Series 4),Sell My Apple Watch (Series 4),Sell My Apple Watch (Series 4)
165,watch,Sell Apple,Sell Apple Watch,Sell My Apple Watch (Series 4),20191114104111.png,Wi-Fi Only,40mm,J7,,,,,,,Sell My Apple Watch (Series 4),Sell My Apple Watch (Series 4),Sell My Apple Watch (Series 4)
165,watch,Sell Apple,Sell Apple Watch,Sell My Apple Watch (Series 4),20191114104111.png,Wi-Fi Only,40mm,J9,,,,,,,Sell My Apple Watch (Series 4),Sell My Apple Watch (Series 4),Sell My Apple Watch (Series 4)
165,watch,Sell Apple,Sell Apple Watch,Sell My Apple Watch (Series 4),20191114104111.png,Wi-Fi Only,44mm,J5,,,,,,,Sell My Apple Watch (Series 4),Sell My Apple Watch (Series 4),Sell My Apple Watch (Series 4)
165,watch,Sell Apple,Sell Apple Watch,Sell My Apple Watch (Series 4),20191114104111.png,Wi-Fi Only,44mm,J7,,,,,,,Sell My Apple Watch (Series 4),Sell My Apple Watch (Series 4),Sell My Apple Watch (Series 4)
165,watch,Sell Apple,Sell Apple Watch,Sell My Apple Watch (Series 4),20191114104111.png,Wi-Fi Only,44mm,J9,,,,,,,Sell My Apple Watch (Series 4),Sell My Apple Watch (Series 4),Sell My Apple Watch (Series 4)
165,watch,Sell Apple,Sell Apple Watch,Sell My Apple Watch (Series 4),20191114104111.png,Wi-Fi Only,66mm,J5,,,,,,,Sell My Apple Watch (Series 4),Sell My Apple Watch (Series 4),Sell My Apple Watch (Series 4)
165,watch,Sell Apple,Sell Apple Watch,Sell My Apple Watch (Series 4),20191114104111.png,Wi-Fi Only,66mm,J7,,,,,,,Sell My Apple Watch (Series 4),Sell My Apple Watch (Series 4),Sell My Apple Watch (Series 4)
165,watch,Sell Apple,Sell Apple Watch,Sell My Apple Watch (Series 4),20191114104111.png,Wi-Fi Only,66mm,J9,,,,,,,Sell My Apple Watch (Series 4),Sell My Apple Watch (Series 4),Sell My Apple Watch (Series 4)
172,watch,Sell Apple,Sell Apple Watch,Apple Watch (Series 3),20191114104800.png,Wi-Fi Cellular,40mm,J5,,,,,,,Apple Watch (Series 3),Apple Watch (Series 3),Apple Watch (Series 3)
172,watch,Sell Apple,Sell Apple Watch,Apple Watch (Series 3),20191114104800.png,Wi-Fi Cellular,40mm,J7,,,,,,,Apple Watch (Series 3),Apple Watch (Series 3),Apple Watch (Series 3)
172,watch,Sell Apple,Sell Apple Watch,Apple Watch (Series 3),20191114104800.png,Wi-Fi Cellular,40mm,J9,,,,,,,Apple Watch (Series 3),Apple Watch (Series 3),Apple Watch (Series 3)
172,watch,Sell Apple,Sell Apple Watch,Apple Watch (Series 3),20191114104800.png,Wi-Fi Cellular,44mm,J5,,,,,,,Apple Watch (Series 3),Apple Watch (Series 3),Apple Watch (Series 3)
172,watch,Sell Apple,Sell Apple Watch,Apple Watch (Series 3),20191114104800.png,Wi-Fi Cellular,44mm,J7,,,,,,,Apple Watch (Series 3),Apple Watch (Series 3),Apple Watch (Series 3)
172,watch,Sell Apple,Sell Apple Watch,Apple Watch (Series 3),20191114104800.png,Wi-Fi Cellular,44mm,J9,,,,,,,Apple Watch (Series 3),Apple Watch (Series 3),Apple Watch (Series 3)
172,watch,Sell Apple,Sell Apple Watch,Apple Watch (Series 3),20191114104800.png,Wi-Fi Cellular,66mm,J5,,,,,,,Apple Watch (Series 3),Apple Watch (Series 3),Apple Watch (Series 3)
172,watch,Sell Apple,Sell Apple Watch,Apple Watch (Series 3),20191114104800.png,Wi-Fi Cellular,66mm,J7,,,,,,,Apple Watch (Series 3),Apple Watch (Series 3),Apple Watch (Series 3)
172,watch,Sell Apple,Sell Apple Watch,Apple Watch (Series 3),20191114104800.png,Wi-Fi Cellular,66mm,J9,,,,,,,Apple Watch (Series 3),Apple Watch (Series 3),Apple Watch (Series 3)
172,watch,Sell Apple,Sell Apple Watch,Apple Watch (Series 3),20191114104800.png,Wi-Fi Only,40mm,J5,,,,,,,Apple Watch (Series 3),Apple Watch (Series 3),Apple Watch (Series 3)
172,watch,Sell Apple,Sell Apple Watch,Apple Watch (Series 3),20191114104800.png,Wi-Fi Only,40mm,J7,,,,,,,Apple Watch (Series 3),Apple Watch (Series 3),Apple Watch (Series 3)
172,watch,Sell Apple,Sell Apple Watch,Apple Watch (Series 3),20191114104800.png,Wi-Fi Only,40mm,J9,,,,,,,Apple Watch (Series 3),Apple Watch (Series 3),Apple Watch (Series 3)
172,watch,Sell Apple,Sell Apple Watch,Apple Watch (Series 3),20191114104800.png,Wi-Fi Only,44mm,J5,,,,,,,Apple Watch (Series 3),Apple Watch (Series 3),Apple Watch (Series 3)
172,watch,Sell Apple,Sell Apple Watch,Apple Watch (Series 3),20191114104800.png,Wi-Fi Only,44mm,J7,,,,,,,Apple Watch (Series 3),Apple Watch (Series 3),Apple Watch (Series 3)
172,watch,Sell Apple,Sell Apple Watch,Apple Watch (Series 3),20191114104800.png,Wi-Fi Only,44mm,J9,,,,,,,Apple Watch (Series 3),Apple Watch (Series 3),Apple Watch (Series 3)
172,watch,Sell Apple,Sell Apple Watch,Apple Watch (Series 3),20191114104800.png,Wi-Fi Only,66mm,J5,,,,,,,Apple Watch (Series 3),Apple Watch (Series 3),Apple Watch (Series 3)
172,watch,Sell Apple,Sell Apple Watch,Apple Watch (Series 3),20191114104800.png,Wi-Fi Only,66mm,J7,,,,,,,Apple Watch (Series 3),Apple Watch (Series 3),Apple Watch (Series 3)
172,watch,Sell Apple,Sell Apple Watch,Apple Watch (Series 3),20191114104800.png,Wi-Fi Only,66mm,J9,,,,,,,Apple Watch (Series 3),Apple Watch (Series 3),Apple Watch (Series 3)
